mtt,mu_pt,mu_abseta,pileup,weight,nevents,N_gen,gw_pos,gw_neg
1499.2168809260365,207.0979,0.5270996,26.0,316.46600341796875,756000.0,749832.0,752916.0,3084.0
1184.5406215808398,207.0979,0.5270996,26.0,316.46600341796875,756000.0,749832.0,752916.0,3084.0
904.6586290941815,224.97816,1.2851562,22.0,316.46600341796875,756000.0,749832.0,752916.0,3084.0
1534.7663562217103,145.943,0.5201416,24.0,316.46600341796875,756000.0,749832.0,752916.0,3084.0
1287.3358959076666,145.943,0.5201416,24.0,316.46600341796875,756000.0,749832.0,752916.0,3084.0
1233.4095706206128,124.05002,1.1015625,19.0,316.46600341796875,756000.0,749832.0,752916.0,3084.0
1025.0115935933234,124.05002,1.1015625,19.0,316.46600341796875,756000.0,749832.0,752916.0,3084.0
