mtt,mu_pt,mu_abseta,pileup,weight,nevents,N_gen,gw_pos,gw_neg
1298.1435447934591,143.85837,1.3432617,21.0,316.46600341796875,266000.0,263854.0,264927.0,1073.0
1132.9307784628431,143.85837,1.3432617,21.0,316.46600341796875,266000.0,263854.0,264927.0,1073.0
2275.790612825514,157.26756,1.1257324,33.0,316.46600341796875,266000.0,263854.0,264927.0,1073.0
809.6016204533561,157.26756,1.1257324,33.0,316.46600341796875,266000.0,263854.0,264927.0,1073.0
1219.7556333144228,197.63408,1.6669922,24.0,-316.46600341796875,266000.0,263854.0,264927.0,1073.0
383.09927581688765,121.79997,0.8220215,16.0,316.46600341796875,266000.0,263854.0,264927.0,1073.0
