mtt,mu_pt,mu_abseta,pileup,weight,nevents,N_gen,gw_pos,gw_neg
1034.387861773467,134.99675,0.623291,32.0,120388.1171875,2273476.0,2273476.0,2273476.0,0.0
