mtt,mu_pt,mu_abseta,pileup,weight,nevents,N_gen,gw_pos,gw_neg
376.85393851984867,172.04398,0.42279053,32.0,316.46600341796875,756000.0,749860.0,752930.0,3070.0
867.9021827671232,172.04398,0.42279053,32.0,316.46600341796875,756000.0,749860.0,752930.0,3070.0
349.7494331386061,197.34956,0.3928833,26.0,316.46600341796875,756000.0,749860.0,752930.0,3070.0
484.60724318413827,197.34956,0.3928833,26.0,316.46600341796875,756000.0,749860.0,752930.0,3070.0
389.93800927822633,184.15353,0.2545166,16.0,316.46600341796875,756000.0,749860.0,752930.0,3070.0
854.7966632297577,184.15353,0.2545166,16.0,316.46600341796875,756000.0,749860.0,752930.0,3070.0
688.7366818970243,123.39619,0.3330078,27.0,316.46600341796875,756000.0,749860.0,752930.0,3070.0
1345.5141303307412,140.81856,1.5673828,26.0,316.46600341796875,756000.0,749860.0,752930.0,3070.0
559.229795027643,118.71336,0.600708,29.0,316.46600341796875,756000.0,749860.0,752930.0,3070.0
