mtt,mu_pt,mu_abseta,pileup,weight,nevents,N_gen,gw_pos,gw_neg
374.3732129167334,73.94656,0.76342773,32.0,316.46600341796875,741000.0,735160.0,738080.0,2920.0
