mtt,mu_pt,mu_abseta,pileup,weight,nevents,N_gen,gw_pos,gw_neg
364.8072273049371,94.317665,0.4829712,20.0,316.46600341796875,291000.0,288806.0,289903.0,1097.0
345.6461854348375,94.317665,0.4829712,20.0,316.46600341796875,291000.0,288806.0,289903.0,1097.0
364.67251136587475,94.317665,0.4829712,20.0,316.46600341796875,291000.0,288806.0,289903.0,1097.0
330.57061333807314,186.8085,0.2441101,20.0,316.46600341796875,291000.0,288806.0,289903.0,1097.0
