mtt,mu_pt,mu_abseta,pileup,weight,nevents,N_gen,gw_pos,gw_neg
1090.7488493170601,102.24518,1.3518066,26.0,316.46600341796875,169000.0,167662.0,168331.0,669.0
1309.4511376628184,102.24518,1.3518066,26.0,316.46600341796875,169000.0,167662.0,168331.0,669.0
491.73912256054587,110.18988,0.35266113,27.0,316.46600341796875,169000.0,167662.0,168331.0,669.0
459.11596378880716,110.18988,0.35266113,27.0,316.46600341796875,169000.0,167662.0,168331.0,669.0
