mtt,mu_pt,mu_abseta,pileup,weight,nevents,N_gen,gw_pos,gw_neg
663.0110262506497,131.70053,1.2814941,25.0,316.46600341796875,445000.0,441448.0,443224.0,1776.0
654.4828579029657,131.70053,1.2814941,25.0,316.46600341796875,445000.0,441448.0,443224.0,1776.0
678.2329974614847,131.70053,1.2814941,25.0,316.46600341796875,445000.0,441448.0,443224.0,1776.0
