mtt,mu_pt,mu_abseta,pileup,weight,nevents,N_gen,gw_pos,gw_neg
1440.777540073167,151.09929,0.37213135,26.0,316.46600341796875,40000.0,39658.0,39829.0,171.0
1209.6131581671807,151.09929,0.37213135,26.0,316.46600341796875,40000.0,39658.0,39829.0,171.0
