mtt,mu_pt,mu_abseta,pileup,weight,nevents,N_gen,gw_pos,gw_neg
817.0894370555601,124.311295,0.01035881,22.0,316.46600341796875,790000.0,783698.0,786849.0,3151.0
1320.8677320851934,210.95836,1.4348145,18.0,316.46600341796875,790000.0,783698.0,786849.0,3151.0
1042.2059723589607,210.95836,1.4348145,18.0,316.46600341796875,790000.0,783698.0,786849.0,3151.0
1108.1322130602177,96.96733,1.7028809,23.0,316.46600341796875,790000.0,783698.0,786849.0,3151.0
1383.0879155805972,96.96733,1.7028809,23.0,316.46600341796875,790000.0,783698.0,786849.0,3151.0
334.4833447419272,113.779175,0.06123352,34.0,316.46600341796875,790000.0,783698.0,786849.0,3151.0
279.7332349140025,113.779175,0.06123352,34.0,316.46600341796875,790000.0,783698.0,786849.0,3151.0
1019.2620722758195,57.80182,0.80249023,11.0,316.46600341796875,790000.0,783698.0,786849.0,3151.0
1165.6052053050655,57.80182,0.80249023,11.0,316.46600341796875,790000.0,783698.0,786849.0,3151.0
868.6341531583753,57.80182,0.80249023,11.0,316.46600341796875,790000.0,783698.0,786849.0,3151.0
809.8776633046567,57.80182,0.80249023,11.0,316.46600341796875,790000.0,783698.0,786849.0,3151.0
