mtt,mu_pt,mu_abseta,pileup,weight,nevents,N_gen,gw_pos,gw_neg
1681.0747747715602,150.53618,1.0891113,32.0,316.46600341796875,342000.0,339270.0,340635.0,1365.0
543.2684942148583,106.96139,1.3366699,28.0,316.46600341796875,342000.0,339270.0,340635.0,1365.0
572.9665049701274,106.96139,1.3366699,28.0,316.46600341796875,342000.0,339270.0,340635.0,1365.0
