mtt,mu_pt,mu_abseta,pileup,weight,nevents,N_gen,gw_pos,gw_neg
691.007827247855,65.70461,0.39569092,15.0,316.46600341796875,944000.0,936170.0,940085.0,3915.0
