mtt,mu_pt,mu_abseta,pileup,weight,nevents,N_gen,gw_pos,gw_neg
364.9199645470301,186.40184,0.6960449,29.0,316.46600341796875,757000.0,750740.0,753870.0,3130.0
581.5982650063528,186.40184,0.6960449,29.0,316.46600341796875,757000.0,750740.0,753870.0,3130.0
1423.7929721303815,84.41248,0.8847656,29.0,316.46600341796875,757000.0,750740.0,753870.0,3130.0
1848.6619962793673,93.82248,1.1599121,25.0,316.46600341796875,757000.0,750740.0,753870.0,3130.0
1791.4516046151687,93.82248,1.1599121,25.0,316.46600341796875,757000.0,750740.0,753870.0,3130.0
1351.359852592451,93.82248,1.1599121,25.0,316.46600341796875,757000.0,750740.0,753870.0,3130.0
