mtt,mu_pt,mu_abseta,pileup,weight,nevents,N_gen,gw_pos,gw_neg
603.7237881328182,92.64049,0.55895996,19.0,316.46600341796875,336000.0,333306.0,334653.0,1347.0
