mtt,mu_pt,mu_abseta,pileup,weight,nevents,N_gen,gw_pos,gw_neg
355.3466310348353,107.56744,0.5661621,26.0,316.46600341796875,252000.0,250022.0,251011.0,989.0
