mtt,mu_pt,mu_abseta,pileup,weight,nevents,N_gen,gw_pos,gw_neg
960.2892471203905,84.44077,0.26275635,23.0,316.46600341796875,252000.0,249976.0,250988.0,1012.0
