mtt,mu_pt,mu_abseta,pileup,weight,nevents,N_gen,gw_pos,gw_neg
481.0544342961194,75.8188,1.3754883,31.0,316.46600341796875,72000.0,71450.0,71725.0,275.0
