mtt,mu_pt,mu_abseta,pileup,weight,nevents,N_gen,gw_pos,gw_neg
892.584125914358,164.72934,1.4587402,13.0,316.46600341796875,756000.0,749914.0,752957.0,3043.0
651.0088253181513,164.72934,1.4587402,13.0,316.46600341796875,756000.0,749914.0,752957.0,3043.0
1003.829831734329,90.48941,0.023319244,19.0,316.46600341796875,756000.0,749914.0,752957.0,3043.0
595.0696829351798,205.8979,0.42132568,35.0,316.46600341796875,756000.0,749914.0,752957.0,3043.0
860.7107589831342,181.25145,0.6081543,19.0,316.46600341796875,756000.0,749914.0,752957.0,3043.0
1091.0527045773588,181.25145,0.6081543,19.0,316.46600341796875,756000.0,749914.0,752957.0,3043.0
1192.9525756280018,181.25145,0.6081543,19.0,316.46600341796875,756000.0,749914.0,752957.0,3043.0
