mtt,mu_pt,mu_abseta,pileup,weight,nevents,N_gen,gw_pos,gw_neg
1154.645765345114,117.82221,1.8571777,35.0,120154.3828125,1690331.0,1690331.0,1690331.0,0.0
