mtt,mu_pt,mu_abseta,pileup,weight,nevents,N_gen,gw_pos,gw_neg
1437.091409838219,111.51462,1.9938965,19.0,316.46600341796875,811000.0,804570.0,807785.0,3215.0
1052.5564583975097,57.59911,0.9041748,16.0,316.46600341796875,811000.0,804570.0,807785.0,3215.0
940.3358044705436,57.59911,0.9041748,16.0,316.46600341796875,811000.0,804570.0,807785.0,3215.0
