mtt,mu_pt,mu_abseta,pileup,weight,nevents,N_gen,gw_pos,gw_neg
2783.444075398489,118.53793,1.1081543,35.0,316.46600341796875,133000.0,131932.0,132466.0,534.0
515.9466439256229,118.53793,1.1081543,35.0,316.46600341796875,133000.0,131932.0,132466.0,534.0
