mtt,mu_pt,mu_abseta,pileup,weight,nevents,N_gen,gw_pos,gw_neg
485.47625075442136,64.63039,0.23043823,14.0,121108.6171875,1600408.0,1600408.0,1600408.0,0.0
