mtt,mu_pt,mu_abseta,pileup,weight,nevents,N_gen,gw_pos,gw_neg
380.39701240592893,188.74773,0.03340149,30.0,316.46600341796875,756000.0,749734.0,752867.0,3133.0
1099.391324252648,102.4162,1.6569824,9.0,316.46600341796875,756000.0,749734.0,752867.0,3133.0
1144.342859009562,102.4162,1.6569824,9.0,316.46600341796875,756000.0,749734.0,752867.0,3133.0
923.9423478195271,102.4162,1.6569824,9.0,316.46600341796875,756000.0,749734.0,752867.0,3133.0
1441.682134548099,178.64145,1.5620117,19.0,316.46600341796875,756000.0,749734.0,752867.0,3133.0
972.0985020505698,197.40587,0.3036499,24.0,316.46600341796875,756000.0,749734.0,752867.0,3133.0
943.736885063991,140.01993,2.0957031,19.0,316.46600341796875,756000.0,749734.0,752867.0,3133.0
1015.6080636920285,140.01993,2.0957031,19.0,316.46600341796875,756000.0,749734.0,752867.0,3133.0
