mtt,mu_pt,mu_abseta,pileup,weight,nevents,N_gen,gw_pos,gw_neg
1315.0144223724935,152.4221,1.3122559,10.0,316.46600341796875,1366000.0,1354900.0,1360450.0,5550.0
416.05554777837636,78.39763,1.1137695,17.0,316.46600341796875,1366000.0,1354900.0,1360450.0,5550.0
356.4089447044226,78.39763,1.1137695,17.0,316.46600341796875,1366000.0,1354900.0,1360450.0,5550.0
656.2610581000214,139.37764,1.2185059,18.0,316.46600341796875,1366000.0,1354900.0,1360450.0,5550.0
