mtt,mu_pt,mu_abseta,pileup,weight,nevents,N_gen,gw_pos,gw_neg
985.0018732855817,94.34925,0.70007324,26.0,316.46600341796875,1008000.0,1000114.0,1004057.0,3943.0
937.3433861083387,94.34925,0.70007324,26.0,316.46600341796875,1008000.0,1000114.0,1004057.0,3943.0
1188.1704757362602,140.08836,1.4509277,18.0,316.46600341796875,1008000.0,1000114.0,1004057.0,3943.0
1025.700854241573,140.08836,1.4509277,18.0,316.46600341796875,1008000.0,1000114.0,1004057.0,3943.0
240.48557385026476,100.30775,0.3670044,30.0,316.46600341796875,1008000.0,1000114.0,1004057.0,3943.0
1439.9740413339532,102.80023,1.1069336,20.0,316.46600341796875,1008000.0,1000114.0,1004057.0,3943.0
1254.1556099235388,213.43166,0.5632324,14.0,316.46600341796875,1008000.0,1000114.0,1004057.0,3943.0
1037.312784300092,213.43166,0.5632324,14.0,316.46600341796875,1008000.0,1000114.0,1004057.0,3943.0
1334.2765510836011,96.55926,0.3241577,19.0,316.46600341796875,1008000.0,1000114.0,1004057.0,3943.0
580.9185198364527,69.23203,1.0546875,14.0,316.46600341796875,1008000.0,1000114.0,1004057.0,3943.0
1361.267465257921,96.53965,1.6052246,16.0,316.46600341796875,1008000.0,1000114.0,1004057.0,3943.0
1336.2001220199627,96.53965,1.6052246,16.0,316.46600341796875,1008000.0,1000114.0,1004057.0,3943.0
858.1091452559364,96.53965,1.6052246,16.0,316.46600341796875,1008000.0,1000114.0,1004057.0,3943.0
1162.1498121790037,141.8253,1.7236328,23.0,316.46600341796875,1008000.0,1000114.0,1004057.0,3943.0
1130.3480198603445,141.8253,1.7236328,23.0,316.46600341796875,1008000.0,1000114.0,1004057.0,3943.0
1388.246555783296,141.8253,1.7236328,23.0,316.46600341796875,1008000.0,1000114.0,1004057.0,3943.0
