mtt,mu_pt,mu_abseta,pileup,weight,nevents,N_gen,gw_pos,gw_neg
1316.3489674659327,160.4582,1.979248,22.0,119833.75,971705.0,971705.0,971705.0,0.0
