mtt,mu_pt,mu_abseta,pileup,weight,nevents,N_gen,gw_pos,gw_neg
1622.8963258374306,141.38318,2.0175781,19.0,316.46600341796875,756000.0,749964.0,752982.0,3018.0
