mtt,mu_pt,mu_abseta,pileup,weight,nevents,N_gen,gw_pos,gw_neg
469.2522929192176,211.8593,0.95092773,23.0,316.46600341796875,435000.0,431378.0,433189.0,1811.0
