mtt,mu_pt,mu_abseta,pileup,weight,nevents,N_gen,gw_pos,gw_neg
1268.1437572116395,126.9335,0.748291,31.0,316.46600341796875,168000.0,166676.0,167338.0,662.0
