mtt,mu_pt,mu_abseta,pileup,weight,nevents,N_gen,gw_pos,gw_neg
911.6895961465957,58.005257,0.8173828,-999.0,-999.0,300967.0,-999.0,-999.0,-999.0
670.3608510703327,58.005257,0.8173828,-999.0,-999.0,300967.0,-999.0,-999.0,-999.0
