mtt,mu_pt,mu_abseta,pileup,weight,nevents,N_gen,gw_pos,gw_neg
490.28278097666083,151.09064,0.4017334,19.0,316.46600341796875,1344000.0,1333110.0,1338555.0,5445.0
619.3824754854619,151.09064,0.4017334,19.0,316.46600341796875,1344000.0,1333110.0,1338555.0,5445.0
