mtt,mu_pt,mu_abseta,pileup,weight,nevents,N_gen,gw_pos,gw_neg
549.163768155012,150.975,0.22625732,32.0,316.46600341796875,588000.0,583316.0,585658.0,2342.0
1248.976721722707,176.96773,1.1166992,27.0,316.46600341796875,588000.0,583316.0,585658.0,2342.0
