mtt,mu_pt,mu_abseta,pileup,weight,nevents,N_gen,gw_pos,gw_neg
2260.532610586706,77.285,0.3567505,14.0,119894.5,275432.0,275432.0,275432.0,0.0
