mtt,mu_pt,mu_abseta,pileup,weight,nevents,N_gen,gw_pos,gw_neg
1247.5157518797937,71.960686,0.69836426,20.0,316.46600341796875,924000.0,916502.0,920251.0,3749.0
