mtt,mu_pt,mu_abseta,pileup,weight,nevents,N_gen,gw_pos,gw_neg
338.0832313319073,142.59631,1.0219727,13.0,316.46600341796875,252000.0,249968.0,250984.0,1016.0
458.3755510242156,142.59631,1.0219727,13.0,316.46600341796875,252000.0,249968.0,250984.0,1016.0
