mtt,mu_pt,mu_abseta,pileup,weight,nevents,N_gen,gw_pos,gw_neg
1280.8484344663711,127.74883,1.1276855,18.0,316.46600341796875,168000.0,166672.0,167336.0,664.0
1068.2906957836406,127.74883,1.1276855,18.0,316.46600341796875,168000.0,166672.0,167336.0,664.0
