mtt,mu_pt,mu_abseta,pileup,weight,nevents,N_gen,gw_pos,gw_neg
376.78812726238846,303.0657,1.0690918,17.0,316.46600341796875,813000.0,806230.0,809615.0,3385.0
1366.5976265951672,191.81133,1.0688477,15.0,316.46600341796875,813000.0,806230.0,809615.0,3385.0
1075.6239886527737,191.81133,1.0688477,15.0,316.46600341796875,813000.0,806230.0,809615.0,3385.0
655.3964716260036,99.575,1.8007812,24.0,316.46600341796875,813000.0,806230.0,809615.0,3385.0
877.4104600617703,87.444435,1.5825195,25.0,316.46600341796875,813000.0,806230.0,809615.0,3385.0
989.3792508979318,87.444435,1.5825195,25.0,316.46600341796875,813000.0,806230.0,809615.0,3385.0
278.34967969136494,112.26986,0.4899292,15.0,316.46600341796875,813000.0,806230.0,809615.0,3385.0
1203.1572193271727,235.77742,1.1757812,23.0,316.46600341796875,813000.0,806230.0,809615.0,3385.0
