mtt,mu_pt,mu_abseta,pileup,weight,nevents,N_gen,gw_pos,gw_neg
1293.0167188664605,112.90832,0.56481934,20.0,316.46600341796875,756000.0,749982.0,752991.0,3009.0
340.30502978165873,112.90832,0.56481934,20.0,316.46600341796875,756000.0,749982.0,752991.0,3009.0
440.937125964746,112.90832,0.56481934,20.0,316.46600341796875,756000.0,749982.0,752991.0,3009.0
840.7020519514977,111.2047,0.7305908,18.0,316.46600341796875,756000.0,749982.0,752991.0,3009.0
749.7676728578917,111.2047,0.7305908,18.0,316.46600341796875,756000.0,749982.0,752991.0,3009.0
797.2756830956224,111.2047,0.7305908,18.0,316.46600341796875,756000.0,749982.0,752991.0,3009.0
1149.3701692837406,163.44214,1.3486328,9.0,316.46600341796875,756000.0,749982.0,752991.0,3009.0
848.4917886185915,95.24177,1.3110352,28.0,316.46600341796875,756000.0,749982.0,752991.0,3009.0
