mtt,mu_pt,mu_abseta,pileup,weight,nevents,N_gen,gw_pos,gw_neg
1108.4784477584064,246.44164,0.37683105,28.0,316.46600341796875,853000.0,846034.0,849517.0,3483.0
1209.3670171397682,174.2278,0.6536865,23.0,316.46600341796875,853000.0,846034.0,849517.0,3483.0
1154.6362580896896,136.03491,0.3831787,33.0,316.46600341796875,853000.0,846034.0,849517.0,3483.0
582.6629068850252,136.03491,0.3831787,33.0,316.46600341796875,853000.0,846034.0,849517.0,3483.0
