mtt,mu_pt,mu_abseta,pileup,weight,nevents,N_gen,gw_pos,gw_neg
755.6331086753041,125.03564,1.4394531,22.0,316.46600341796875,269000.0,266856.0,267928.0,1072.0
1036.938088444982,125.03564,1.4394531,22.0,316.46600341796875,269000.0,266856.0,267928.0,1072.0
