mtt,mu_pt,mu_abseta,pileup,weight,nevents,N_gen,gw_pos,gw_neg
1743.3895423089818,223.99217,1.7072754,16.0,120010.9609375,1331378.0,1331378.0,1331378.0,0.0
