mtt,mu_pt,mu_abseta,pileup,weight,nevents,N_gen,gw_pos,gw_neg
1675.4803730124813,83.05241,0.8204346,29.0,120332.8984375,2276917.0,2276917.0,2276917.0,0.0
1322.4413118075793,83.05241,0.8204346,29.0,120332.8984375,2276917.0,2276917.0,2276917.0,0.0
