mtt,mu_pt,mu_abseta,pileup,weight,nevents,N_gen,gw_pos,gw_neg
633.0582026322223,288.5715,0.5378418,29.0,316.46600341796875,724000.0,718256.0,721128.0,2872.0
620.970376645386,288.5715,0.5378418,29.0,316.46600341796875,724000.0,718256.0,721128.0,2872.0
858.8883499012308,57.628002,0.17303467,29.0,316.46600341796875,724000.0,718256.0,721128.0,2872.0
809.8398383205612,57.628002,0.17303467,29.0,316.46600341796875,724000.0,718256.0,721128.0,2872.0
