mtt,mu_pt,mu_abseta,pileup,weight,nevents,N_gen,gw_pos,gw_neg
1135.732315261664,72.61258,0.5716553,28.0,121015.359375,1316549.0,1316549.0,1316549.0,0.0
