mtt,mu_pt,mu_abseta,pileup,weight,nevents,N_gen,gw_pos,gw_neg
1393.2094290276095,253.53943,0.15863037,31.0,120255.7734375,2254337.0,2254337.0,2254337.0,0.0
