mtt,mu_pt,mu_abseta,pileup,weight,nevents,N_gen,gw_pos,gw_neg
580.8499838733819,136.47917,0.21676636,23.0,316.46600341796875,168000.0,166630.0,167315.0,685.0
696.7475966723899,136.47917,0.21676636,23.0,316.46600341796875,168000.0,166630.0,167315.0,685.0
1663.5211495838005,326.66016,0.6879883,31.0,316.46600341796875,168000.0,166630.0,167315.0,685.0
1499.8486640419492,326.66016,0.6879883,31.0,316.46600341796875,168000.0,166630.0,167315.0,685.0
