mtt,mu_pt,mu_abseta,pileup,weight,nevents,N_gen,gw_pos,gw_neg
1777.6191954109393,200.71849,1.6533203,22.0,316.46600341796875,725000.0,719132.0,722066.0,2934.0
