mtt,mu_pt,mu_abseta,pileup,weight,nevents,N_gen,gw_pos,gw_neg
1145.0760450961038,154.12263,1.1574707,16.0,316.46600341796875,1375000.0,1363804.0,1369402.0,5598.0
1057.9452811545787,76.24099,0.48657227,24.0,316.46600341796875,1375000.0,1363804.0,1369402.0,5598.0
1622.1640438098527,76.24099,0.48657227,24.0,316.46600341796875,1375000.0,1363804.0,1369402.0,5598.0
1193.255880597533,64.87185,1.6113281,19.0,316.46600341796875,1375000.0,1363804.0,1369402.0,5598.0
1179.944322802655,64.87185,1.6113281,19.0,316.46600341796875,1375000.0,1363804.0,1369402.0,5598.0
290.50608675612784,207.16708,0.16296387,20.0,316.46600341796875,1375000.0,1363804.0,1369402.0,5598.0
954.9259707245134,221.42285,0.8742676,24.0,316.46600341796875,1375000.0,1363804.0,1369402.0,5598.0
638.2392435111819,151.10004,0.560791,19.0,316.46600341796875,1375000.0,1363804.0,1369402.0,5598.0
1020.6081355574784,69.905396,0.7331543,16.0,316.46600341796875,1375000.0,1363804.0,1369402.0,5598.0
760.0553528311953,69.905396,0.7331543,16.0,316.46600341796875,1375000.0,1363804.0,1369402.0,5598.0
495.51449591107536,69.905396,0.7331543,16.0,316.46600341796875,1375000.0,1363804.0,1369402.0,5598.0
